Station_x,YYYY,MM,DD,HH,i-O,PSFC(Pa),T2(K),WS_950mb(m/s),WS_850mb(m/s),WS_10m(m/s),POT_2m(K),PBLH(m),Ustar(m/s),SfcWG_UPP(m/s),WG_ECMWF(m/s),WindDC(degree),Temp_grad(1km_sfc),Temp_grad(2km_sfc),Temp_grad(PBLH_sfc),Pot_temp_grad(1km_sfc),Pot_temp_grad(2km_sfc),Pot_temp_grad(PBLH_sfc),Valid_Time_x,Join_Array,Station_y,Valid_Time_y,Obs_Time,Tdiff,WG_o,Lat,Lon,ELEV(M),Terrain_height(m)
72034357963.93958,2017.0,1.0,1.0,0.0,12.0,99229.24995349305,275.4076487704086,21.552235192140465,25.752935715497607,5.630471763843531,276.01031873441497,713.1877877910695,0.4789461686071187,18.12720006296074,9.297768512938816,199.55180193086372,0.494190822831187,2.92601957785816,0.17380514992395418,9.5211189349188,7.059554285535047,9.704157219558192,2017010100.0,72032464753_2017010100,72031435685.39781,2017010100.0,2017-01-01T00:15:00,15.057346162192712,7.678719453899311,40.417927833178275,-75.40381079994036,160.22989486692111,172.06746296996562
71615984376.0939,2017.0,1.0,1.0,0.0,12.0,99302.66287691308,275.9568335047618,17.98804126205374,22.97343827770259,8.287872395290389,276.5228891275681,1102.6100528357874,0.640048800013915,15.6133273591123,13.291349246275063,213.7314148370766,7.196706905249668,6.906437892271745,7.160196783958971,2.6242576571697898,2.9793087908666456,2.579941366034964,2017010100.0,71620099999_2017010100,71617004189.04532,2017010100.0,2017-01-01T00:00:00,0.029460630857001454,13.885805990376245,44.245397867616795,-76.60355067003431,92.91212185285617,85.36080985734253
72032885510.59485,2017.0,1.0,1.0,0.0,12.0,99234.30964858175,275.4165763146291,21.56878384118417,25.74700381468818,5.586879119375635,276.01004306458344,719.0778458289798,0.4806140906381521,18.115483248069616,9.298007922298542,199.44297289545727,0.48671043920547685,2.9204700277534514,0.2553125174472152,9.480275157242351,7.0424579744006355,9.713234105640456,2017010100.0,72032464753_2017010100,72032523072.31236,2017010100.0,2017-01-01T00:15:00,15.002898773491545,7.692005295059288,40.44198570300626,-75.38565856517944,160.3576362984159,171.21938576934454
72034910106.76486,2017.0,1.0,1.0,0.0,12.0,99226.78241087167,275.40373736750917,21.5097911679274,25.76893731849441,5.562799674242939,276.00901246388116,714.711791389035,0.4796536356749942,18.112561364225517,9.29681767081297,199.4325775753873,0.47831205775516217,2.907289490812538,0.23934349492472093,9.474948174306078,7.070598730330489,9.687137758574435,2017010100.0,72032464753_2017010100,72029281028.49773,2017010100.0,2017-01-01T00:15:00,15.008186953998962,7.749039096806331,40.43525354889719,-75.38480884389725,160.4189803863723,171.7920012091186
72029924475.30576,2017.0,1.0,1.0,0.0,12.0,99232.2534804392,275.4117749902391,21.570373197895282,25.72460198473847,5.579035916057111,276.01012684040677,715.0909067817008,0.47955194201016454,18.118499276150825,9.342613360148773,199.55113050364062,0.4624255917377134,2.91853921676224,0.22590701133673902,9.464827668721352,7.049443396272351,9.719998615338026,2017010100.0,72032464753_2017010100,72030512333.74754,2017010100.0,2017-01-01T00:15:00,15.042908568757644,7.689692982153201,40.43037923426025,-75.37066775916205,159.79923156157358,171.90718030508532
72031164917.11343,2017.0,1.0,1.0,0.0,12.0,99239.15895016308,275.4037899929815,21.58003315841466,25.729904164266415,5.571655251421788,276.0094989512633,713.8232178677907,0.4805629185785357,18.13329169051952,9.285205951075618,199.56421765699378,0.46980177758343816,2.9247599993486157,0.15724987196065818,9.45853672914533,7.0374448669023035,9.73330280370867,2017010100.0,72032464753_2017010100,72028911105.5726,2017010100.0,2017-01-01T00:15:00,15.046213221144729,7.721081378506781,40.421483435228616,-75.38407225050454,160.33125471764637,172.0813165717793
71621100001.4256,2017.0,1.0,1.0,0.0,12.0,99303.37037278106,275.96544680761804,17.96648218193831,22.962293766258856,8.292962890919467,276.52321151203853,1101.3197054770667,0.639039314533838,15.61150295535368,13.294738428695211,213.71652087757442,7.196031545909414,6.86403210407564,7.225788805576249,2.556576191732755,3.008579559630666,2.6084222030523345,2017010100.0,71620099999_2017010100,71619810624.68216,2017010100.0,2017-01-01T00:00:00,0.04279700714650894,13.928534373691027,44.20608247968435,-76.6084720760818,92.97729754118996,86.40455382406925
71618967474.99791,2017.0,1.0,1.0,0.0,12.0,99301.04327661816,275.9557854535196,17.973282860162673,22.95545599904904,8.297292956833182,276.5165087306078,1103.0194362081752,0.6408096271570872,15.620260042890331,13.302509023584904,213.6874682947857,7.168195209410548,6.85016741592241,7.196747439096337,2.6023702621338916,3.0349455030144994,2.587223999295182,2017010100.0,71620099999_2017010100,71621018709.64287,2017010100.0,2017-01-01T00:00:00,0.022868652160208305,13.896006831451102,44.196132039781446,-76.59989196392713,93.55735816114114,86.02838089388027
71618653604.51726,2017.0,1.0,1.0,0.0,12.0,99291.18650809427,275.95990553261123,17.977297470730655,22.958635560353823,8.338291455268848,276.52153920956374,1100.7163722423975,0.6398772312898382,15.637711570096515,13.29690308727246,213.69693011970864,7.212649128068614,6.879441325253837,7.208400399439568,2.583696438447513,3.0070292534317926,2.61758138106413,2017010100.0,71620099999_2017010100,71619691342.88858,2017010100.0,2017-01-01T00:00:00,0.014217992713099141,13.881713507282635,44.224978332123406,-76.5976624643899,92.66247781830563,86.30002804316804
71621592439.33263,2017.0,1.0,1.0,0.0,12.0,99294.3158727333,275.9680547402173,17.967696962381986,22.99159044828988,8.308903293412099,276.5185331094735,1101.6443472943722,0.640517580820852,15.629566800131292,13.324679136445566,213.77396808151323,7.25166213350983,6.8717685381926445,7.205624123160327,2.581195352505257,3.031251691214565,2.59108069838222,2017010100.0,71620099999_2017010100,71620168947.12817,2017010100.0,2017-01-01T00:00:00,0.003774819388551822,13.90320404771412,44.20522853559736,-76.60544760256442,92.39692755161705,85.67180474720455
71621313531.60426,2017.0,1.0,1.0,0.0,12.0,99299.73018843177,275.95525524285586,17.97770729799519,22.974224313708863,8.317649551582065,276.5216976390942,1102.3868589923504,0.6410711184038315,15.617609273096283,13.31904364280087,213.6347558716509,7.230195435899327,6.863137104073457,7.21609566960813,2.5720246893119625,2.986530499216722,2.615782680661293,2017010100.0,71620099999_2017010100,71624239678.19019,2017010100.0,2017-01-01T00:00:00,-0.023183138949628607,13.876672347442943,44.22889876872006,-76.61057209031351,93.00715802167215,86.51941261817365
71618884630.45595,2017.0,1.0,1.0,0.0,12.0,99293.36185299036,275.96048929351315,17.94989686601827,22.968641434785113,8.3184618470661,276.51814442376184,1100.0959785663595,0.6404858632436056,15.623737633352647,13.266327375360529,213.6360819102844,7.2483730612186275,6.864021240117994,7.213062607788801,2.609342380575629,2.987224658365034,2.6601286147518297,2017010100.0,71620099999_2017010100,71623285571.90115,2017010100.0,2017-01-01T00:00:00,-0.01661344445620103,13.886857187305742,44.2041161663967,-76.60228090274629,93.27352076824528,86.43185397291775
72029005147.47897,2017.0,1.0,1.0,0.0,12.0,99233.71986957526,275.4205120515975,21.557031139899802,25.738333201256975,5.6207913185082425,276.012212645769,715.5328542829014,0.48102897781318854,18.1272501869196,9.32927021408706,199.54324560052893,0.48104414338570695,2.8988630043567123,0.23248913509476568,9.521547416381674,7.065944611469368,9.653498001819042,2017010100.0,72032464753_2017010100,72032954343.50525,2017010100.0,2017-01-01T00:15:00,14.890267898410787,7.723182636646817,40.44640965587367,-75.38894401940178,160.17117091177326,171.48681536124033
72032900599.54117,2017.0,1.0,1.0,0.0,12.0,99239.30368169933,275.41494882255853,21.525520881741354,25.760871631894336,5.601585989214461,276.00972345967523,715.2780851260513,0.48102637492735817,18.12407361222771,9.344924770205914,199.47671104847598,0.483100414132963,2.913170551826795,0.20664326691440096,9.457831065980562,7.062802466880283,9.690692449331756,2017010100.0,72032464753_2017010100,72034521963.12477,2017010100.0,2017-01-01T00:15:00,14.96044831198655,7.674871017820104,40.44719646249512,-75.39035454260085,160.49109965867487,171.55833575365693
71619256819.96883,2017.0,1.0,1.0,0.0,12.0,99300.3490279592,275.96800702961724,17.974435130858218,22.976703679221952,8.343285762378146,276.5202222782414,1104.7609979623153,0.6393304176189502,15.612900968145116,13.261224288423332,213.7776079178096,7.261428611102877,6.884808760471415,7.194943595850376,2.6293762831624767,2.985326227626762,2.5852850468808604,2017010100.0,71620099999_2017010100,71618925360.43628,2017010100.0,2017-01-01T00:00:00,0.0011478329584153418,13.897056422587921,44.25193938998345,-76.58730207964958,93.16307563753429,86.27241116724066
72055720420.77481,2017.0,1.0,1.0,0.0,12.0,100211.23761041026,276.50723439994306,21.89382004404001,25.386231993812366,4.271881103107415,276.3520869666429,924.8927357745588,0.4499222216196801,15.906288902934852,7.791229223904717,205.50037628573247,3.7881051364569016,3.5815146105376288,4.146818499170562,6.041983607857439,6.401456807703601,5.693422713967423,2017010100.0,72054500169_2017010100,72055971762.24919,2017010100.0,2017-01-01T00:15:00,14.921137251941657,11.789478940549918,41.41171772513682,-72.49772546125853,127.23483200191819,105.79638944342808
72033225762.91762,2017.0,1.0,1.0,0.0,12.0,99230.56228785549,275.40843316030566,21.589260653463864,25.763655782172517,5.629839696108866,276.00857568142766,714.294059169392,0.47995536326320837,18.124838973598035,9.27621933232567,199.47592264859446,0.48644291855381544,2.9421438850564363,0.18052885746618139,9.489439767804527,7.046172262846644,9.647151991267796,2017010100.0,72032464753_2017010100,72036541820.09177,2017010100.0,2017-01-01T00:15:00,15.013779371390985,7.7429630988892955,40.43896070031853,-75.36925221677546,160.8691263047468,171.11093522707404
71619012014.85757,2017.0,1.0,1.0,0.0,12.0,99300.4032519671,275.95458896508745,17.958352627613284,22.967596963659332,8.296741688836773,276.5202491918434,1102.1458829918465,0.6393171682647795,15.622557224302568,13.337044884073736,213.7713825060925,7.233687474530401,6.85833866078739,7.184289959296986,2.573822132530123,3.0250652477443456,2.6001508743131816,2017010100.0,71620099999_2017010100,71619165965.65564,2017010100.0,2017-01-01T00:00:00,-0.004397314820714166,13.900425364138378,44.23440733198127,-76.59729375975367,92.8295483406738,86.23438769738841
72034208903.82683,2017.0,1.0,1.0,0.0,12.0,99231.65357418371,275.40976467310344,21.542900584970553,25.752545214768393,5.61113174349356,276.0097575151892,715.0407356356222,0.47958240665615265,18.114381752921954,9.263207582709207,199.49678781261989,0.46995807623336144,2.9103931609356435,0.2996052066834601,9.527857536894372,7.061801853200939,9.72956646149974,2017010100.0,72032464753_2017010100,72033590561.72227,2017010100.0,2017-01-01T00:15:00,14.975468175815983,7.704684689151911,40.438514051890905,-75.3882743934598,160.5076057275389,171.2449190493858
72032738394.95355,2017.0,1.0,1.0,0.0,12.0,99236.45944716164,275.4079412072894,21.54345020623247,25.741411003162217,5.595385331257538,276.0075417770858,715.5960079059707,0.4803668115358509,18.119061843989396,9.329724271839638,199.48626542693043,0.4926596710482935,2.9346968971131524,0.19400326786376665,9.51171887227512,7.079905066188771,9.735569287805726,2017010100.0,72032464753_2017010100,72032684028.13208,2017010100.0,2017-01-01T00:15:00,15.055546661781438,7.73043084765933,40.44228735547284,-75.37825144557408,160.3545695997616,171.57528122274277
72053380648.39073,2017.0,1.0,1.0,0.0,12.0,100206.43251569824,276.5126770524431,21.87884211825958,25.385780775402935,4.318100666533158,276.34430023954485,923.7897617937422,0.45025174351844854,15.913929932736018,7.817659380106025,205.4130089027068,3.8500614653792415,3.568317721191657,4.135962690572377,6.049746306700941,6.412806376182894,5.669354901233038,2017010100.0,72054500169_2017010100,72056977502.91588,2017010100.0,2017-01-01T00:15:00,14.948618986648867,11.850489162255824,41.405996881332086,-72.4678888582712,127.31347987904742,106.60214779495077
71619848928.41623,2017.0,1.0,1.0,0.0,12.0,99300.31626944909,275.9562841492423,17.95433782618932,22.968676091339802,8.297369442038057,276.5199577022138,1100.889165021607,0.638737626931015,15.62452417803172,13.320504990844348,213.65269248181812,7.225956526956218,6.847294201708243,7.193411712644928,2.580050062726104,3.0264491381457446,2.6605257748209787,2017010100.0,71620099999_2017010100,71621121538.55113,2017010100.0,2017-01-01T00:00:00,-0.02636944164651991,13.856518699561152,44.252361123883496,-76.6242048012664,92.87566588635825,85.77399906688271
71620837252.13203,2017.0,1.0,1.0,0.0,12.0,99289.74032958053,275.95964610066875,17.930848962007946,22.982333821451842,8.305261781912426,276.51949861033324,1101.9202734914986,0.6396296009215238,15.614397577584203,13.266130584010902,213.7273961209302,7.234368708011992,6.8789470857021735,7.235987060419575,2.6211558535645514,3.016346019784735,2.6272755147616658,2017010100.0,71620099999_2017010100,71623632151.6625,2017010100.0,2017-01-01T00:00:00,-0.000548470219240827,13.892412236343818,44.18763714543004,-76.60289205443571,93.08125338078922,86.58105379970853
72051936982.86096,2017.0,1.0,1.0,0.0,12.0,100206.9890331328,276.5055794433903,21.875953908979877,25.376163694304246,4.298830217660238,276.34912206502366,921.16026007341,0.4491851840969237,15.912444347847169,7.793272205300057,205.4271651012247,3.840692966786618,3.5654515678571808,4.170063745466602,6.07586880975013,6.441065252321522,5.6900247747851695,2017010100.0,72054500169_2017010100,72052445063.94498,2017010100.0,2017-01-01T00:15:00,14.96732677572342,11.810235507079527,41.36904988709052,-72.51744574491435,127.26232444311,105.65648505117163
72035849833.66064,2017.0,1.0,1.0,0.0,12.0,99232.14745960354,275.4157548748132,21.572199655603274,25.760985406118827,5.598141937517527,276.0128353487446,714.0505300716623,0.4797214101347834,18.132051544254857,9.344051299052712,199.46578192464338,0.4808626700721697,2.915848560936266,0.20751538873745173,9.457447019982059,7.042293198772519,9.739996066178273,2017010100.0,72032464753_2017010100,72027135594.46638,2017010100.0,2017-01-01T00:15:00,14.952519047816217,7.676350884794596,40.45047442591704,-75.39081857976595,160.08578365978866,171.38726267346314
72053253542.51111,2017.0,1.0,1.0,0.0,12.0,100195.99981973448,276.5065182042836,21.864799939728254,25.364475649472293,4.276467241677194,276.35331364137903,921.5888141080704,0.4511142627070759,15.924920326257915,7.783119564005823,205.26947693113226,3.869366317363162,3.5739287325789757,4.190441234555809,6.103082666473489,6.413426025629368,5.688748544504395,2017010100.0,72054500169_2017010100,72054519013.47873,2017010100.0,2017-01-01T00:15:00,14.964173966256213,11.767087895664426,41.380526505447726,-72.54015279180518,127.52569110680976,105.6156866231742
72029761521.89008,2017.0,1.0,1.0,0.0,12.0,99237.23282301218,275.4082053330124,21.562692185433075,25.752458998671827,5.59134772716958,276.0118296347836,714.3997067548169,0.4797324949670485,18.12511699476737,9.323024370808746,199.45418114886232,0.4859064755865582,2.9349321922810265,0.18727628983035244,9.551065834840596,7.044106439480454,9.728563279411556,2017010100.0,72032464753_2017010100,72032282273.71632,2017010100.0,2017-01-01T00:15:00,15.005059979398093,7.737684462510217,40.44569006481099,-75.37897321430583,160.37068460868903,171.33345236143063
71618608090.86069,2017.0,1.0,1.0,0.0,12.0,99297.8433500498,275.9557573381349,17.954508643877688,22.98873102288595,8.305734393609718,276.5210394267947,1102.9514216284624,0.6411461926388402,15.620678705123822,13.318686772302117,213.62475359932844,7.192893719036521,6.8628272082439326,7.209456699056192,2.5816744034454713,3.0450756668287386,2.5960386304503302,2017010100.0,71620099999_2017010100,71617388538.06468,2017010100.0,2017-01-01T00:00:00,-0.06571398562381699,13.887280955629215,44.20346251352761,-76.58480583793758,92.83068976177398,86.45228551208046
71619992761.0231,2017.0,1.0,1.0,0.0,12.0,99293.12047164376,275.96277549128564,17.968575707846117,22.958575634023042,8.302293818163834,276.5199186078754,1099.495084491065,0.6403820048497063,15.607292879423007,13.279083077617177,213.7478226605059,7.248827412308131,6.873357725275215,7.189962715876486,2.5855955116192706,3.0023928390502586,2.668049496778021,2017010100.0,71620099999_2017010100,71620925024.44867,2017010100.0,2017-01-01T00:00:00,-0.13941265967886352,13.910875322128453,44.22204932587658,-76.60185875482782,93.21091953687787,85.97740995739413
72060141849.18051,2017.0,1.0,1.0,0.0,12.0,100204.58456025601,276.5146142100319,21.885863255134144,25.366518230973455,4.292419344726569,276.3495217904829,923.626810540409,0.45020739323684184,15.93772082581166,7.809125331401762,205.46951016381306,3.850650870501646,3.5877768151214617,4.189916603996985,6.041599995915764,6.412797107088657,5.708400373994019,2017010100.0,72054500169_2017010100,72052345480.38991,2017010100.0,2017-01-01T00:15:00,14.961335608614549,11.858025759058991,41.3696674372548,-72.52066872722826,127.32437581431206,105.73056936948494
71623371323.70517,2017.0,1.0,1.0,0.0,12.0,99303.21720970195,275.9613973553417,17.940772031074697,22.96234734148606,8.298336338902534,276.5182479816368,1103.0173553052769,0.6416492608111483,15.621925667062612,13.254686437134128,213.77724467003011,7.239133795092492,6.880958752731729,7.189755389492038,2.5891487038815866,3.0097150324712807,2.5895508283277535,2017010100.0,71620099999_2017010100,71621566365.40843,2017010100.0,2017-01-01T00:00:00,-0.04882921012357416,13.88809767779921,44.22073737429931,-76.57363580936415,92.70471282533487,86.18245355304775
72032594743.12144,2017.0,1.0,1.0,0.0,12.0,99226.07296714459,275.4147558664122,21.566374062425606,25.75673278639572,5.612848037574347,276.00957353618514,713.354110026929,0.47961094358616796,18.118788413956164,9.289874320371435,199.51167849233,0.4506421577102706,2.918923921471456,0.19201867661927263,9.480646390294096,7.066497432660335,9.722283483471765,2017010100.0,72032464753_2017010100,72034324993.84146,2017010100.0,2017-01-01T00:15:00,14.995252702058117,7.697742625203163,40.426298773079054,-75.38781641142951,160.56339043374987,172.0403858743803
72054768029.16603,2017.0,1.0,1.0,0.0,12.0,100209.62127267993,276.5121447205957,21.915961288053744,25.397308321505584,4.302294888010013,276.35167721358414,923.4620270450259,0.44973007884339755,15.904942426149699,7.815100760864406,205.34013591646877,3.8362153684329874,3.5637029499202586,4.120336317049969,6.050621446736086,6.421340773032994,5.713964146706068,2017010100.0,72054500169_2017010100,72053000908.29706,2017010100.0,2017-01-01T00:15:00,14.97587624911903,11.824540303473682,41.37748320022593,-72.51746451495487,127.56135066764872,105.67491652315324
71618553982.54533,2017.0,1.0,1.0,0.0,12.0,99301.33648788308,275.9596053763631,17.993966074952077,22.946136174217255,8.31497146773984,276.52075354921413,1098.8601172751044,0.6382041158620698,15.630040803922164,13.314530030737934,213.79954694574832,7.244822744171108,6.880546815571766,7.179422215860368,2.618727487980599,3.075441118812563,2.639005407204849,2017010100.0,71620099999_2017010100,71619775324.51653,2017010100.0,2017-01-01T00:00:00,0.13250854688766586,13.892497988251584,44.23930174845729,-76.58154527451605,93.58525623108082,86.533952542935
72054841929.9205,2017.0,1.0,1.0,0.0,12.0,100202.92442524132,276.50623323877363,21.906860346737897,25.402686884790928,4.305800960759126,276.34981052125903,921.5643798934833,0.4504119674892988,15.937395614989816,7.803487347858337,205.40412991990516,3.8028438229733625,3.582965972722691,4.151367879744413,6.0920389776234725,6.413294034301039,5.712233939756464,2017010100.0,72054500169_2017010100,72052400911.93619,2017010100.0,2017-01-01T00:15:00,14.92490001695167,11.794431186763598,41.41636879872202,-72.52662159238281,126.78720211038639,104.99330917645666
71621673431.64667,2017.0,1.0,1.0,0.0,12.0,99302.63672701537,275.95767114639733,17.98518299918911,22.96897022098467,8.305049532088724,276.52103462771936,1102.5411832885443,0.63928739331374,15.6113824637641,13.279075929087165,213.74912515999694,7.248152627373953,6.881375968394598,7.193495843202422,2.5626122078312674,2.9880786716792342,2.566165094839275,2017010100.0,71620099999_2017010100,71619685993.99083,2017010100.0,2017-01-01T00:00:00,-0.07733676834701173,13.909259738794768,44.24325562908239,-76.6118706554523,93.19141456813854,86.51819627335918
71619778763.86983,2017.0,1.0,1.0,0.0,12.0,99303.28184624677,275.95668350273183,18.022379974713218,22.981179977124025,8.272838900987956,276.5198262701754,1102.635824938532,0.6389300397753893,15.629253386373119,13.319320639611048,213.81519055628323,7.226422681242363,6.867535595136456,7.199460374698597,2.6094744020074554,3.019206382012634,2.6523367192923573,2017010100.0,71620099999_2017010100,71619915280.27841,2017010100.0,2017-01-01T00:00:00,0.08336108968479422,13.876845999519045,44.23385578146301,-76.57994615615091,92.83422021169466,85.6764159059616
72056125848.01308,2017.0,1.0,1.0,0.0,12.0,100213.90996296269,276.5025759362932,21.885403627073636,25.368622288388636,4.328673607841291,276.35084014598647,920.675678777058,0.4503050083573048,15.915860449518911,7.8137741134973115,205.3599036303892,3.8468899173693636,3.5794209118972855,4.148888190995915,6.034390982295977,6.431772561485708,5.697385793934411,2017010100.0,72054500169_2017010100,72057395457.69783,2017010100.0,2017-01-01T00:15:00,15.185488971213088,11.803681929404437,41.36040650895864,-72.48623076393979,127.27094796546993,105.08792569924296
72055087132.5408,2017.0,1.0,1.0,0.0,12.0,100204.24873273385,276.5164934590351,21.914738447286094,25.37264890591875,4.296415892140728,276.35264402294416,926.069208616019,0.4495040464511987,15.92167854208169,7.792921628320782,205.52817784352888,3.840201635523881,3.5633773020590573,4.2229657191333665,6.048183297196959,6.376849300533514,5.7455403189137755,2017010100.0,72054500169_2017010100,72052797417.62955,2017010100.0,2017-01-01T00:15:00,14.968528369173596,11.809486338116317,41.40605580376497,-72.48502083655484,127.83024608890408,105.82619473344708
72035109669.09653,2017.0,1.0,1.0,0.0,12.0,99229.43270115051,275.4040434428083,21.581544956480506,25.73409084269649,5.579955759679516,276.00798107693805,714.4183857694532,0.4786402584432073,18.121664467873824,9.316109957243446,199.47654643412332,0.4711171700079966,2.9460709510318606,0.1686367508431107,9.489253347705766,7.058493467862545,9.67338236273324,2017010100.0,72032464753_2017010100,72032750557.51158,2017010100.0,2017-01-01T00:15:00,15.090757426611109,7.696009534187456,40.430856768668335,-75.37108923063737,159.9897909259862,171.51217491758902
72030448004.84053,2017.0,1.0,1.0,0.0,12.0,99228.28773297196,275.4119742475031,21.556562621463154,25.753460689109787,5.600613255802028,276.00782330006695,716.0968418547191,0.4804163012451776,18.1102043840124,9.31837044936985,199.50755301156167,0.4853026524689612,2.910607641156005,0.1956204822292829,9.48001863641283,7.059125069696023,9.693327830145618,2017010100.0,72032464753_2017010100,72031664858.84953,2017010100.0,2017-01-01T00:15:00,14.962208287474773,7.687448553861813,40.43103800491511,-75.40661576570642,160.37032326949415,171.58533110141917
72050990530.07664,2017.0,1.0,1.0,0.0,12.0,100202.84925892261,276.5187060470673,21.888234651295182,25.365375389495966,4.294288543997871,276.348476192501,923.2305688010115,0.4492542812797701,15.909463353246021,7.775498782087597,205.44434270760442,3.829233929858301,3.5806056233774717,4.180812333272768,6.096594417985929,6.410774773284973,5.681484272430748,2017010100.0,72054500169_2017010100,72049806340.99515,2017010100.0,2017-01-01T00:15:00,14.98892726532915,11.82157016828893,41.40823471556174,-72.48222097383474,126.99314503719233,105.35296626875775
72055425583.54204,2017.0,1.0,1.0,0.0,12.0,100208.37163632664,276.51239226003986,21.91059455419675,25.38850023505897,4.307946426807516,276.3476546153552,924.9065255197563,0.45066324627553894,15.929275303265738,7.790510327909895,205.29872623614878,3.845677715981737,3.5817760706689947,4.216409272498349,6.088069664118086,6.431512450320726,5.690980298890816,2017010100.0,72054500169_2017010100,72051461069.75548,2017010100.0,2017-01-01T00:15:00,14.977235334547489,11.777048943448738,41.371385090508866,-72.50186370346321,127.50324802394913,105.75512420716058
71620689637.85603,2017.0,1.0,1.0,0.0,12.0,99301.7260379438,275.9667550757897,17.97747938243371,22.960410975031444,8.310657373789233,276.52084444591384,1101.1389822333977,0.6396050099416614,15.627898500680766,13.31538692004585,213.7462260612887,7.250955682905439,6.849699118862731,7.204059827906184,2.622015905810468,3.0106961343754843,2.5886301222239894,2017010100.0,71620099999_2017010100,71619419107.51965,2017010100.0,2017-01-01T00:00:00,0.007622641387298291,13.858411078657682,44.25850318776953,-76.59325386008693,93.84829953522116,85.94993532982886
72054388461.7515,2017.0,1.0,1.0,0.0,12.0,100203.0459032918,276.50836680665793,21.894169516927633,25.367170308813126,4.32204970025739,276.3483610454485,922.7379993512563,0.44922560871300415,15.927860756803197,7.77950623104717,205.38347252632892,3.855698921359805,3.5562840416904478,4.172011131269753,6.07672246354978,6.393390693616081,5.709762281158671,2017010100.0,72054500169_2017010100,72054957780.29436,2017010100.0,2017-01-01T00:15:00,14.991165764766775,11.788451124475824,41.3854836832909,-72.4907700046301,126.94068387758222,105.86432353240642
72057620926.24066,2017.0,1.0,1.0,0.0,12.0,100204.9354007019,276.51172380766496,21.90863905956789,25.38934153598932,4.297657567135223,276.3549637172213,924.2708532637675,0.45141263508701357,15.913579466879959,7.815352243634483,205.40619730450442,3.842744177966621,3.5975311708561417,4.194331544738516,6.076887395950049,6.421368536505915,5.662710922432268,2017010100.0,72054500169_2017010100,72054658293.59145,2017010100.0,2017-01-01T00:15:00,15.02687318770771,11.794603132957993,41.38054791894854,-72.49534697204196,127.47772766632478,105.30558220810633
72033627381.34697,2017.0,1.0,1.0,0.0,12.0,99239.84661390296,275.41198717310806,21.546247630725855,25.758134293163536,5.585572956792811,276.0081901262532,714.593654946323,0.48248538170780275,18.12066087671127,9.288241909008228,199.49764398467553,0.47493792738808566,2.927558092354591,0.2348513235499482,9.51545996720701,7.049062696994134,9.703839370919319,2017010100.0,72032464753_2017010100,72033092926.43088,2017010100.0,2017-01-01T00:15:00,14.925454765474893,7.721756891517888,40.41740042800548,-75.41897727337576,160.23665997225146,171.8724314967598
71618077989.27977,2017.0,1.0,1.0,0.0,12.0,99297.06905747447,275.95565847308325,17.986283310633087,22.976375897947396,8.303236025754595,276.52036746974534,1102.1881848573723,0.640912081907151,15.638298155986698,13.286204999856123,213.7451996926045,7.238789753005035,6.8763473744995265,7.181170632423698,2.6277954302678683,3.0316202966645287,2.6223567347449945,2017010100.0,71620099999_2017010100,71619004631.49907,2017010100.0,2017-01-01T00:00:00,0.0798727017392438,13.89654062436692,44.22197041945909,-76.5938285348103,93.10456328126055,85.91415873311924
71620803835.01718,2017.0,1.0,1.0,0.0,12.0,99301.77287625725,275.9568918620391,17.96418310134982,22.976839990618018,8.33363591176526,276.5231670497442,1102.7328060990305,0.6398765758265653,15.619815465303947,13.270647588603255,213.6850774554892,7.243787977073703,6.871887202354094,7.180443436734326,2.623060197537397,3.0150897231908234,2.548940270568525,2017010100.0,71620099999_2017010100,71618987929.91887,2017010100.0,2017-01-01T00:00:00,-0.061076964038068914,13.876681704313247,44.24755188298025,-76.58552104666853,92.52076958756207,86.24427183461034
71619605823.8326,2017.0,1.0,1.0,0.0,12.0,99308.9945472424,275.96246391937234,17.989224226366616,22.967476476958623,8.294165486825248,276.51919918942525,1099.469286109995,0.639300381457298,15.62348993250416,13.319113241114643,213.6214967426694,7.19878123611096,6.861148103414972,7.20352377178279,2.6095109098613958,3.0232071264926845,2.5528323721470483,2017010100.0,71620099999_2017010100,71619885216.81433,2017010100.0,2017-01-01T00:00:00,0.030065025212018304,13.937536436406505,44.21863895700247,-76.57370967222178,92.9179412417091,86.09854960228364
71620447983.08992,2017.0,1.0,1.0,0.0,12.0,99299.07623116909,275.95917044193953,17.98946839887617,22.965442835377775,8.312982737466081,276.518457475475,1100.8723228035956,0.6404827293530642,15.608365209071145,13.2646031867983,213.66009138386875,7.20432197695131,6.864994777986341,7.228902138933632,2.600215716747726,3.0181103523607264,2.5403400707690427,2017010100.0,71620099999_2017010100,71622383647.03638,2017010100.0,2017-01-01T00:00:00,-0.03349541568491314,13.888180514741883,44.23419564834916,-76.59773273749708,93.36658810264315,85.83152187965588
72055074197.06499,2017.0,1.0,1.0,0.0,12.0,100203.30851771639,276.50421677257,21.883352395211766,25.38253192981549,4.2848000742675225,276.3478360625405,921.6705894051205,0.4502857152596776,15.933702034499824,7.823898796302511,205.33581712566053,3.8192395368832313,3.555143391651994,4.191642091590004,6.048801092055469,6.4024601238454135,5.691615259233109,2017010100.0,72054500169_2017010100,72052291122.19106,2017010100.0,2017-01-01T00:15:00,14.897494943997009,11.841450133762836,41.37891736446486,-72.51236053753023,127.01278196930399,105.29249923917419
71622441515.26329,2017.0,1.0,1.0,0.0,12.0,99300.17070232071,275.95749204580295,17.994255155623932,22.983256206841755,8.323597125489874,276.52007734990036,1103.25864342167,0.6401876533767532,15.644411766423342,13.275870593501583,213.6039741851094,7.218192930196676,6.8936888334070945,7.187690355743668,2.560276155978295,2.9928869688411495,2.5997610068903434,2017010100.0,71620099999_2017010100,71619633230.29936,2017010100.0,2017-01-01T00:00:00,-0.09732464646162103,13.918064854059539,44.22298431759147,-76.58419812068438,93.32994579795918,85.84498196615323
72054449116.33676,2017.0,1.0,1.0,0.0,12.0,100208.35983005774,276.50096120531066,21.900159702380474,25.372483608485098,4.298268894504781,276.35355781265656,921.493934129792,0.4496392585459026,15.91548879316417,7.836660983827479,205.4388789747997,3.785942303510284,3.5737616853487535,4.190215778960995,6.100169880745081,6.400719972010578,5.69767669731931,2017010100.0,72054500169_2017010100,72056921698.93436,2017010100.0,2017-01-01T00:15:00,14.988902726751203,11.750052775007585,41.386100920571344,-72.52913706487725,127.46187997927913,105.16360910255088
72032864126.89087,2017.0,1.0,1.0,0.0,12.0,99235.48485267132,275.40647900551846,21.56039005901196,25.77742260692789,5.576802220754548,276.0140096813678,714.5255083900245,0.48004301310517583,18.107977346676755,9.322147060099192,199.53691053205586,0.4462721747144884,2.9409776896892232,0.20196912155399066,9.445077190048602,7.036321030210584,9.792143424115741,2017010100.0,72032464753_2017010100,72032266196.05145,2017010100.0,2017-01-01T00:15:00,15.093068950635702,7.686481136931002,40.4460668210721,-75.40553080619907,160.05920695290382,171.99019051826443
72053026514.97945,2017.0,1.0,1.0,0.0,12.0,100208.74560506271,276.50900483198626,21.895126224122908,25.376338125541167,4.305983214065067,276.349447597692,924.1231081138872,0.44960217344547865,15.915061183201752,7.807912689965943,205.38663681815453,3.8375627332955613,3.5818737819869817,4.198447443951363,6.0696107610853405,6.402128300998005,5.70385111260814,2017010100.0,72054500169_2017010100,72054243878.79709,2017010100.0,2017-01-01T00:15:00,14.943322292984407,11.813769024796965,41.404622454735566,-72.52451721144776,127.11056665396153,106.00922921315951
71618890357.48839,2017.0,1.0,1.0,0.0,12.0,99294.82231861669,275.9655342755224,17.96561760409126,22.95237862151855,8.314008311386191,276.52053602410706,1101.6831650743209,0.6389617053376883,15.612213294363794,13.318854363871743,213.79651399636447,7.218082660853976,6.872552928508866,7.179916287692008,2.624351637549597,3.0178765405254775,2.6169071910980453,2017010100.0,71620099999_2017010100,71619236107.18436,2017010100.0,2017-01-01T00:00:00,-0.0030114181234302158,13.947126404646113,44.25557201582169,-76.60552555756733,92.99167233228273,86.22342155562276
71619483178.89476,2017.0,1.0,1.0,0.0,12.0,99295.61849136399,275.9601990467107,17.95873833036702,22.946206857169432,8.295125459496628,276.5191532188822,1099.7646291455496,0.6405571021748158,15.624513783637887,13.317935045438269,213.67437800053625,7.219476530244304,6.897325303547803,7.2156012173361725,2.610200194375193,3.0381925667105207,2.5857707465608883,2017010100.0,71620099999_2017010100,71618456143.30782,2017010100.0,2017-01-01T00:00:00,-0.06655467854525159,13.916960642803613,44.244777413940206,-76.60503542356301,92.71902160606491,86.1823040110937
72031260568.00125,2017.0,1.0,1.0,0.0,12.0,99233.75985504153,275.4121106853934,21.581383952296004,25.744273555762387,5.597370223808961,276.0087689709516,713.8369934408056,0.4799389473721477,18.12557929434451,9.303920273638091,199.45544748737603,0.47974275570831504,2.9398572850130074,0.23676130055392022,9.481714647486301,7.04664313779865,9.705226083530496,2017010100.0,72032464753_2017010100,72032505856.74742,2017010100.0,2017-01-01T00:15:00,14.964015861892698,7.689513666260985,40.47021759209498,-75.38418746544438,159.74273487718065,172.09660321241543
72055599534.63214,2017.0,1.0,1.0,0.0,12.0,100203.38915523037,276.5059806531118,21.92638105129684,25.37955844696129,4.322887706485091,276.3503530602975,923.0088441736148,0.45111626729248466,15.937171771943754,7.810037822856847,205.47419248549286,3.8732527337151486,3.578660044055958,4.2128289784998545,6.0614556162965885,6.419387988380727,5.643589136505945,2017010100.0,72054500169_2017010100,72056093466.61377,2017010100.0,2017-01-01T00:15:00,15.019925567158584,11.816789918808105,41.39555207675731,-72.49429931342611,127.37443853448579,105.15025307621404
72054857427.20993,2017.0,1.0,1.0,0.0,12.0,100205.98089982111,276.5067951745953,21.879548335703955,25.374373119398708,4.25835746171288,276.3498969438592,924.775863117016,0.4497658608418443,15.926317964653531,7.791698638518721,205.42912340206894,3.8205722340036985,3.586531071571754,4.149445901170538,6.077039102738387,6.431916730423515,5.727304792582453,2017010100.0,72054500169_2017010100,72053289777.03354,2017010100.0,2017-01-01T00:15:00,15.043469458489964,11.792660648464143,41.419367258207096,-72.5077432807224,127.219425859807,106.09667144026183
72058048766.88165,2017.0,1.0,1.0,0.0,12.0,100201.09197407708,276.50770549240667,21.88023057160574,25.367674206975767,4.305661388990352,276.34827744710657,923.598126957667,0.45025053317339053,15.928264802586204,7.8308844322228275,205.37488315440498,3.801167050178617,3.582501464035227,4.184260999951496,6.074134431219363,6.400310236727207,5.6660037322585675,2017010100.0,72054500169_2017010100,72052969406.41754,2017010100.0,2017-01-01T00:15:00,15.051110855817848,11.800724057338071,41.38457126822815,-72.50125202947602,126.9516758497148,105.46260731551192
72058354213.3609,2017.0,1.0,1.0,0.0,12.0,100208.765754005,276.51333077241554,21.90863958573142,25.384874119229607,4.295863455015409,276.3480874560042,923.2819281349473,0.4518810466335569,15.94724270087512,7.779936659095265,205.3360830165052,3.826092474156026,3.607309793155096,4.1573389427079155,6.041404274581362,6.422954295809746,5.7072599621058195,2017010100.0,72054500169_2017010100,72053916159.4422,2017010100.0,2017-01-01T00:15:00,14.818463753725078,11.803584445478792,41.40323340694523,-72.48731944298518,127.05886713842578,105.32709906953737
72056063594.22461,2017.0,1.0,1.0,0.0,12.0,100205.66149214056,276.5067264176789,21.871897840371403,25.373962200874878,4.338766963521615,276.34949946844745,924.8280855114808,0.4501985693885066,15.931064886505235,7.771201860035039,205.4164928537547,3.852715723648816,3.57678628254152,4.153811350314535,6.062967978811215,6.39224401143792,5.696361141608604,2017010100.0,72054500169_2017010100,72053826645.89108,2017010100.0,2017-01-01T00:15:00,15.12808963922629,11.801504372725958,41.35670986571062,-72.57274597232733,126.87423554077147,105.3234360493696
72027179949.16203,2017.0,1.0,1.0,0.0,12.0,99222.89778564544,275.4191931807497,21.57332970103086,25.743413236798023,5.605221921603786,276.00991641370314,714.0392058723875,0.47945311054791767,18.136751619750733,9.277753020893321,199.4595338866058,0.49160427121231814,2.9308055760565144,0.23211929935903072,9.480667169110488,7.054952539642633,9.719438474746857,2017010100.0,72032464753_2017010100,72035611516.5106,2017010100.0,2017-01-01T00:15:00,14.990857284115274,7.700905518418312,40.44810636669032,-75.39137496117856,160.6416245499182,171.45421793943777
72052857454.58403,2017.0,1.0,1.0,0.0,12.0,100208.00794689018,276.50623035334513,21.883396633533554,25.37688878600762,4.305472361073225,276.35044090682516,922.4965481706749,0.45049675358069086,15.897583468368436,7.75112364542891,205.49820372052213,3.829605076814591,3.573233455399424,4.180459757897416,6.0252938958524735,6.39883486296091,5.695610380214951,2017010100.0,72054500169_2017010100,72054760154.11534,2017010100.0,2017-01-01T00:15:00,14.938799573741374,11.814421559934788,41.36649139308489,-72.49452381649597,127.18063350179303,105.1434307655143
72030114234.98975,2017.0,1.0,1.0,0.0,12.0,99230.75562443501,275.41108897346516,21.551186914127697,25.75193538638364,5.595886662285217,276.01369360823696,715.6630042302365,0.4805519887077864,18.123729168858517,9.30853723989121,199.62771484569868,0.4890551280609554,2.94768012100659,0.1988802510931747,9.51605138877832,7.063978524398789,9.719553858778742,2017010100.0,72032464753_2017010100,72032048394.46194,2017010100.0,2017-01-01T00:15:00,14.953055814594792,7.694820254178041,40.445200896906485,-75.38852072645234,160.76301408316286,171.58039928454002
72059339958.6411,2017.0,1.0,1.0,0.0,12.0,100205.02656806684,276.5127987203133,21.927520006942075,25.38973852340613,4.319987578739913,276.3503301740559,926.01117050732,0.45038674744751755,15.901449091163633,7.809197137468782,205.43198854884125,3.794053583710272,3.571917164727426,4.132727809785866,6.079019027342193,6.398105480721602,5.658708779109023,2017010100.0,72054500169_2017010100,72051908261.73334,2017010100.0,2017-01-01T00:15:00,15.106664088477098,11.788996280355752,41.40627334332469,-72.4780680204385,127.10742084141278,105.15029205165581
72032847078.17844,2017.0,1.0,1.0,0.0,12.0,99233.99905009619,275.40688206496424,21.533653066600504,25.775372574508342,5.625991237974204,276.01019618374,713.4520677922801,0.4787617279899117,18.121343167142655,9.278992048312825,199.476268170864,0.49241528847124244,2.927813456883572,0.16731523902191017,9.509855442946764,7.069504220422006,9.693060650979264,2017010100.0,72032464753_2017010100,72031422969.03267,2017010100.0,2017-01-01T00:15:00,14.950226781210409,7.692298589198108,40.43931775474936,-75.37875791152072,160.54331997101832,171.99550032528236
72052182057.12665,2017.0,1.0,1.0,0.0,12.0,100195.35819410259,276.5091334279997,21.902918208315423,25.378912900943813,4.296395492017382,276.34800631416397,925.1654274552109,0.44903201328402476,15.908782615318819,7.823115244002651,205.47826040684936,3.8120727083179857,3.5791417643593375,4.147623538314441,6.030377552933078,6.398545976968973,5.701375820282556,2017010100.0,72054500169_2017010100,72055679458.05856,2017010100.0,2017-01-01T00:15:00,15.07552616735524,11.795831522430923,41.385961537373994,-72.52567022057868,126.71368941768348,105.27333971805685
71620960088.90489,2017.0,1.0,1.0,0.0,12.0,99298.79610882173,275.95705308805776,17.973598947291606,22.97373323730131,8.305824573116363,276.51936490343553,1102.836275853264,0.6417042697723826,15.613407288468151,13.292469506208644,213.76272316851592,7.2362319246574405,6.858561553315127,7.1903309591278655,2.5832025481801826,3.0177755586304524,2.5814012295109023,2017010100.0,71620099999_2017010100,71620678186.1455,2017010100.0,2017-01-01T00:00:00,0.07788318615810355,13.884611503933957,44.24564661815326,-76.60916795984026,93.07909391447487,86.47592366748762
72053246663.96513,2017.0,1.0,1.0,0.0,12.0,100207.59241162075,276.5095767452456,21.86494357840611,25.379291867248238,4.287032021442782,276.35011165743896,922.2887415711866,0.4494663747214157,15.90916726959223,7.791482107041396,205.2543082337101,3.8804427337408276,3.563707584602749,4.142591272596713,6.062884632185624,6.405711653681161,5.707342422886409,2017010100.0,72054500169_2017010100,72054087404.89001,2017010100.0,2017-01-01T00:15:00,15.034276719089835,11.825819338805264,41.38401839678281,-72.52005827609275,127.01696874106446,105.26458718201356
72055243428.00766,2017.0,1.0,1.0,0.0,12.0,100203.73936233774,276.5065419214568,21.92391352573257,25.360933934271483,4.286355502281379,276.3482999117318,924.284780887537,0.44834404776077647,15.91558116898726,7.812874573835178,205.42384221070552,3.8082459585184334,3.556967849575149,4.190248868238024,6.097541454462136,6.388955981055283,5.678895291026018,2017010100.0,72054500169_2017010100,72051557029.94826,2017010100.0,2017-01-01T00:15:00,15.149695288374273,11.774712890514213,41.39033176832844,-72.49691867909603,127.07701514987083,105.32524084992728
72027998453.53543,2017.0,1.0,1.0,0.0,12.0,99233.19529530645,275.4089984377484,21.566897260996026,25.735751554090157,5.59518686807337,276.0090765158374,716.5409860368827,0.48016368287237593,18.11847671153629,9.291231375863354,199.50234400668978,0.49217643848757564,2.9462911882711897,0.2083296813093754,9.477486879156576,7.061120815593341,9.72671389786786,2017010100.0,72032464753_2017010100,72028520219.06688,2017010100.0,2017-01-01T00:15:00,14.913680200993326,7.668508777322817,40.440543481129744,-75.34818321163077,160.08019546434815,171.52022389355633
72029893383.02443,2017.0,1.0,1.0,0.0,12.0,99230.64535246031,275.41105393615635,21.58557924003102,25.75574804056263,5.605040235989646,276.00952878666214,717.8196444619346,0.4801233768354416,18.103173068002487,9.329834151840899,199.619853216346,0.4584286904844134,2.891174723063869,0.17603185818317546,9.503386597850353,7.071039692297962,9.672859779080161,2017010100.0,72032464753_2017010100,72031661657.05367,2017010100.0,2017-01-01T00:15:00,15.03260927031823,7.6987734795124245,40.43772197470418,-75.39580275895109,159.9521374962656,171.3490186613457
72055111054.74367,2017.0,1.0,1.0,0.0,12.0,100204.15384693231,276.5024364793151,21.917576744241863,25.39529072562387,4.274696513200037,276.35594198665336,922.7606210530445,0.44902727572488094,15.93156631314817,7.7842039040071205,205.4124363141589,3.8479380829681973,3.58791477525329,4.2279133329836665,6.069954338453066,6.406536918410558,5.729092427561798,2017010100.0,72054500169_2017010100,72052739860.49828,2017010100.0,2017-01-01T00:15:00,14.95124519467246,11.779357666650295,41.34989900442731,-72.49708122608588,127.29541254322395,106.17976054782147
72054933029.77995,2017.0,1.0,1.0,0.0,12.0,100206.51935072082,276.5131816108814,21.92140866831577,25.382630695934285,4.286402488413176,276.35037252008976,924.9290174193011,0.4487430088918332,15.899812173412151,7.798414832370932,205.28744288619794,3.874781226816553,3.5973454564522247,4.184570107928206,6.044827866388051,6.404166822947785,5.703394743372491,2017010100.0,72054500169_2017010100,72056013060.6382,2017010100.0,2017-01-01T00:15:00,15.033573481839033,11.829473735945683,41.38442993142786,-72.50791698892121,126.90152590888009,105.54234766833478
72054030839.67648,2017.0,1.0,1.0,0.0,12.0,100203.64508426137,276.5100253249499,21.904913276172117,25.388584339754434,4.321166378902774,276.35177206439533,920.8521014771493,0.4504558664717621,15.902585846389945,7.832025946183755,205.32434652636232,3.8203743142611106,3.5706843583424432,4.173990805971656,6.077424848294343,6.405930967045641,5.6748630415276216,2017010100.0,72054500169_2017010100,72057378569.17834,2017010100.0,2017-01-01T00:15:00,14.97795801299468,11.801966669979313,41.367031146381784,-72.51268451546845,127.23211994030527,105.63386079690616
72032447562.16882,2017.0,1.0,1.0,0.0,12.0,99239.94070196494,275.4087340653608,21.581132827841834,25.747799854626717,5.614635345655088,276.0085861983147,715.1030476516992,0.4818007364381996,18.1022328920982,9.266463489933171,199.50802937822604,0.44636975485655894,2.9411960738856253,0.20533073425663736,9.504609936379998,7.070899894037974,9.699449859384147,2017010100.0,72032464753_2017010100,72032595966.62738,2017010100.0,2017-01-01T00:15:00,15.010009399277243,7.71123584624753,40.42020920550051,-75.39592343591147,160.11733021839922,171.5400154970625
72033898008.83362,2017.0,1.0,1.0,0.0,12.0,99231.68666101887,275.41448673595386,21.58164767663764,25.75534907593113,5.6096345574970705,276.00796381274307,716.8978046976894,0.4804583647992712,18.117407509923922,9.32308018660562,199.5059481282253,0.4810248677149349,2.9554519933759202,0.17806085241664832,9.484157943479726,7.080006448769075,9.704466427008631,2017010100.0,72032464753_2017010100,72032697679.37001,2017010100.0,2017-01-01T00:15:00,14.993228076029181,7.677303903961124,40.43115491324429,-75.39516116213468,160.57651649715993,171.80710318821306
71620533838.54712,2017.0,1.0,1.0,0.0,12.0,99299.49175746451,275.95811512587227,17.97297468383357,22.988535347963477,8.303310073877714,276.5218928211296,1101.4307382897894,0.6391582151767579,15.632372287025593,13.35111545115128,213.71172402512948,7.18927476787311,6.8818007795465235,7.162333557781955,2.6012679099059466,2.991339197512354,2.619295615085197,2017010100.0,71620099999_2017010100,71619403018.19011,2017010100.0,2017-01-01T00:00:00,-0.043219350279887284,13.931032476885967,44.209767265275204,-76.62359671370987,93.24385355632434,86.16256996771324
72054006089.44339,2017.0,1.0,1.0,0.0,12.0,100207.00090674666,276.5048485303623,21.914833005398474,25.39125577220504,4.296557553813945,276.3508875624659,923.2732663498515,0.44927772068883814,15.902754485551991,7.775105796817497,205.357836487978,3.7997149357641526,3.58484351658234,4.1536942665691186,6.034370626646179,6.433581482375053,5.704753017868879,2017010100.0,72054500169_2017010100,72053205948.30225,2017010100.0,2017-01-01T00:15:00,14.91240538149791,11.817716671377026,41.39782164038799,-72.48836133741935,126.91507508881062,105.4110834194256
72033622833.74379,2017.0,1.0,1.0,0.0,12.0,99228.62655804429,275.414920671953,21.526665535360628,25.730220694574967,5.605861481183805,276.0089404803658,713.4379328034187,0.4789061261387801,18.1046761912863,9.314567401708254,199.50078556425794,0.46106451685048855,2.927016250657761,0.23015509959730426,9.45354343357704,7.030167759583362,9.717015403376504,2017010100.0,72032464753_2017010100,72032854627.37775,2017010100.0,2017-01-01T00:15:00,15.038011178842318,7.713844524462999,40.45286024102774,-75.3836983692279,160.06846538519028,171.68358427070493
72052307545.3397,2017.0,1.0,1.0,0.0,12.0,100212.24824924592,276.5140397463609,21.909115571201454,25.361132425041543,4.296973169686534,276.3467304818891,921.4096696393896,0.44893047990242396,15.92776168906466,7.812055962592669,205.39068823077173,3.845751801421236,3.5619046400807353,4.169966802317368,6.1307068858047655,6.388281941622637,5.718279492628037,2017010100.0,72054500169_2017010100,72056908467.39108,2017010100.0,2017-01-01T00:15:00,15.01745495246053,11.795164637351178,41.37479110531988,-72.50006437700796,127.33078956319731,104.1560575390969
72056390908.4041,2017.0,1.0,1.0,0.0,12.0,100210.32666041251,276.5127864791166,21.90277538073685,25.37304400178963,4.295471568551979,276.3478051739776,923.23898107103,0.4500030505545704,15.917109041428528,7.827120972565151,205.40953242502056,3.830385319386678,3.554224246332648,4.168068191442561,6.052638784090863,6.460403802750081,5.677893395846789,2017010100.0,72054500169_2017010100,72060127557.66621,2017010100.0,2017-01-01T00:15:00,15.11846285642934,11.79321354663399,41.38666686643387,-72.51761737013516,127.190465422807,104.93740724440993
72032786938.86055,2017.0,1.0,1.0,0.0,12.0,99231.73282652468,275.411569356473,21.59240705575235,25.74389127981745,5.584829485779036,276.00766995652197,712.376578441042,0.4803587797025315,18.130076920611092,9.322119455303842,199.48763464673357,0.46224238430971915,2.930020097042072,0.1633617067374451,9.44001030395642,7.06439350009928,9.718044564372343,2017010100.0,72032464753_2017010100,72033607792.01839,2017010100.0,2017-01-01T00:15:00,14.958670237309999,7.69438708127922,40.421647800207275,-75.38909186399921,160.2677046220494,171.8053500170808
72053861393.49216,2017.0,1.0,1.0,0.0,12.0,100204.67908742317,276.50613229018694,21.88616884506589,25.380437440221804,4.297976578775535,276.35332148133233,920.449217779065,0.4518779606877521,15.934040809519347,7.8508561591968125,205.42086962628778,3.837596622542499,3.545463719568888,4.145754811540105,6.097568869178564,6.420991409007181,5.656107989190093,2017010100.0,72054500169_2017010100,72051184697.35703,2017010100.0,2017-01-01T00:15:00,14.941941054458205,11.780432773523717,41.42228378536456,-72.4789778659925,127.08296661061274,105.24192297522188
72053498989.24397,2017.0,1.0,1.0,0.0,12.0,100207.8388848849,276.51418552499575,21.896366821260596,25.37508980965941,4.303590305466778,276.34804271668656,923.913158447919,0.448620168192352,15.92737503027766,7.79400394747426,205.43503973074127,3.870999943011824,3.5665137468154815,4.149635755186424,6.050351304267983,6.422319779032125,5.6662729842113615,2017010100.0,72054500169_2017010100,72058300091.64879,2017010100.0,2017-01-01T00:15:00,15.080200921853754,11.782186690677511,41.36145690463204,-72.51812630174484,127.3764931737651,105.47677359155345
72031373620.63623,2017.0,1.0,1.0,0.0,12.0,99224.93669117299,275.4079951036161,21.542692632203764,25.762099828579167,5.614458142476875,276.01124382492844,714.0014626431089,0.4799744131486897,18.141872061580848,9.327856595579538,199.52896999478708,0.48963243633035936,2.950184152125917,0.27748357401009427,9.471731557227876,7.08611028156031,9.683234875783976,2017010100.0,72032464753_2017010100,72034403578.60217,2017010100.0,2017-01-01T00:15:00,14.971520151848797,7.664284488422601,40.44830950339058,-75.37167664203437,160.16717573645607,172.0312917093931
71615680399.48904,2017.0,1.0,1.0,0.0,12.0,99300.14828350217,275.9592613343021,17.95636983338261,22.971724546467392,8.310059748780018,276.5211307590188,1100.8815065905071,0.6400371148276606,15.588577193757734,13.267909560718513,213.70182342404874,7.220916046306898,6.865137148996935,7.173318430020586,2.535232141229271,3.025597375702637,2.6441602066075207,2017010100.0,71620099999_2017010100,71624949771.9561,2017010100.0,2017-01-01T00:00:00,-0.05745081726410231,13.906841252969228,44.23804747540826,-76.60711105828983,93.14290176638177,85.60166228147271
72034061529.80063,2017.0,1.0,1.0,0.0,12.0,99231.61197654332,275.4100799720166,21.544300172013706,25.764748256311226,5.616233511097905,276.007854793051,713.1876067237938,0.48118468123686625,18.10157943603815,9.282287364140682,199.42281840799737,0.45662894685496574,2.923330779296619,0.19593514680313986,9.477496010058973,7.077819253727633,9.702711960647921,2017010100.0,72032464753_2017010100,72035233281.53096,2017010100.0,2017-01-01T00:15:00,15.091969299068237,7.631724318928937,40.4353901913814,-75.38410595197652,160.0902292857556,171.71153765477237
72053273847.72809,2017.0,1.0,1.0,0.0,12.0,100198.33634181498,276.51668742632535,21.89605514982421,25.410347409455,4.2992215831611125,276.3509611847305,923.5363062996795,0.44878076514751575,15.925017882360457,7.827043029441131,205.40583165014888,3.8100822921042177,3.58390212422508,4.203581303571755,6.024268805080918,6.384395463880881,5.69161387325632,2017010100.0,72054500169_2017010100,72058882021.1926,2017010100.0,2017-01-01T00:15:00,15.049697232198433,11.789704467381124,41.41120024952507,-72.48179921594051,127.03468003782784,105.6953607571629
71622852057.43193,2017.0,1.0,1.0,0.0,12.0,99300.9453610918,275.9608747379278,17.962379174451357,22.97030870538311,8.271979430148104,276.52421037476995,1103.805531787832,0.6397667505496811,15.610385430518283,13.300746857018696,213.66645377669676,7.291277056409184,6.856675737650775,7.200626949761186,2.613218360455689,3.044068519288198,2.595442477892713,2017010100.0,71620099999_2017010100,71618039061.71059,2017010100.0,2017-01-01T00:00:00,-0.16609944240640867,13.897635191148765,44.222174076385706,-76.61912775031438,92.5012358122898,85.86167032747728
72052253938.62956,2017.0,1.0,1.0,0.0,12.0,100202.55207191693,276.51682604875134,21.86835765203822,25.383017562552876,4.317755844262715,276.3482007945492,921.1376845821065,0.44931170181268065,15.918856106054132,7.795311750669403,205.40764358655278,3.7870938108605676,3.5827770571061746,4.167617883286072,6.061730822404113,6.413629919564577,5.733668920468036,2017010100.0,72054500169_2017010100,72051664508.38808,2017010100.0,2017-01-01T00:15:00,14.99380252141795,11.78155294222179,41.37240884817633,-72.48743249846338,126.7840630563292,106.03772205391688
72054207850.58826,2017.0,1.0,1.0,0.0,12.0,100203.30607237307,276.50824921411805,21.90915353898288,25.385191303306165,4.275143570243826,276.34816829327053,921.4413141112905,0.4500086837803934,15.927800973666892,7.790498297122286,205.37904427899466,3.783800657256941,3.566240445666896,4.165278752968583,6.064051683325337,6.414446932735203,5.665718687393047,2017010100.0,72054500169_2017010100,72049043491.96613,2017010100.0,2017-01-01T00:15:00,14.98443352692388,11.775577143705608,41.366810022870006,-72.48116108757242,127.72677463901225,105.60910715882375
71619651415.291,2017.0,1.0,1.0,0.0,12.0,99299.5199266089,275.95213391348847,17.975953818654787,22.950839213147162,8.291443851748419,276.5186506030686,1102.7814294052582,0.6398758081562312,15.595045098867198,13.282435762649216,213.68427469477996,7.254005162155228,6.874305422233101,7.253373619548456,2.5932681423035753,2.996512614366485,2.6198600358317745,2017010100.0,71620099999_2017010100,71618406983.51225,2017010100.0,2017-01-01T00:00:00,0.10457830840372216,13.891582549908613,44.21465267726179,-76.6246456280469,92.69184564895174,86.09068089576309
71618434121.6532,2017.0,1.0,1.0,0.0,12.0,99298.12249156302,275.95249660688086,17.96651460280564,22.963769285847206,8.292371292382002,276.51811305737624,1100.8347147093234,0.6401815177046286,15.612053201443965,13.332241579164288,213.75094897186966,7.19100247210081,6.876815743964725,7.130770626828301,2.640959026349076,3.012242380257447,2.6496519587189997,2017010100.0,71620099999_2017010100,71618781014.22307,2017010100.0,2017-01-01T00:00:00,-0.12140169284728991,13.839211908595043,44.23189581755041,-76.59770383968662,93.25027216258577,85.24630535399257
72032858092.07529,2017.0,1.0,1.0,0.0,12.0,99227.3532076333,275.41408941382747,21.591473633184023,25.76615677666579,5.568502706334978,276.0105662025251,716.8127820770818,0.4803993114623041,18.116077282531435,9.27328820474245,199.38638929493192,0.48008846606761446,2.919932740182639,0.21342687544563926,9.48767733703646,7.061656979442504,9.67389118213338,2017010100.0,72032464753_2017010100,72033287245.49355,2017010100.0,2017-01-01T00:15:00,14.887976864327205,7.676007445916027,40.41606382993362,-75.40105709414063,160.33641547500545,171.94658366397363
72035665763.3822,2017.0,1.0,1.0,0.0,12.0,99229.9172069183,275.4126725265555,21.56519224517774,25.73831376705663,5.581652651494812,276.01121600680426,715.9509116780752,0.4807208794956584,18.133791628839784,9.27846580142965,199.5722938258262,0.4194374810373515,2.9221205723300425,0.20451335524362507,9.495145289613134,7.0526361387631775,9.732788714431845,2017010100.0,72032464753_2017010100,72033110301.22986,2017010100.0,2017-01-01T00:15:00,15.007883812988489,7.7180907747475915,40.41935796273824,-75.3549011427133,160.4199407419269,171.4851722662153
72030299033.91553,2017.0,1.0,1.0,0.0,12.0,99236.89038197565,275.4117311410841,21.56727376778877,25.767146260096794,5.597945539839393,276.00638542311196,717.7358609653527,0.4788578284346659,18.122437209081255,9.365038184308968,199.5362503964015,0.471015674757208,2.929279538247908,0.217694089852176,9.536859484932894,7.058267287359819,9.723983024072043,2017010100.0,72032464753_2017010100,72032349397.66165,2017010100.0,2017-01-01T00:15:00,15.085959776420264,7.677716772767796,40.44747717026523,-75.37190736536844,160.48776598304067,171.67894989213164
